STATION,LATITUDE,LONGITUDE,ELEVATION,DATE,ELEMENT,HR00Val,HR00MF,HR00QF,HR00S1,HR00S2,HR01Val,HR01MF,HR01QF,HR01S1,HR01S2,HR02Val,HR02MF,HR02QF,HR02S1,HR02S2,HR03Val,HR03MF,HR03QF,HR03S1,HR03S2,HR04Val,HR04MF,HR04QF,HR04S1,HR04S2,HR05Val,HR05MF,HR05QF,HR05S1,HR05S2,HR06Val,HR06MF,HR06QF,HR06S1,HR06S2,HR07Val,HR07MF,HR07QF,HR07S1,HR07S2,HR08Val,HR08MF,HR08QF,HR08S1,HR08S2,HR09Val,HR09MF,HR09QF,HR09S1,HR09S2,HR10Val,HR10MF,HR10QF,HR10S1,HR10S2,HR11Val,HR11MF,HR11QF,HR11S1,HR11S2,HR12Val,HR12MF,HR12QF,HR12S1,HR12S2,HR13Val,HR13MF,HR13QF,HR13S1,HR13S2,HR14Val,HR14MF,HR14QF,HR14S1,HR14S2,HR15Val,HR15MF,HR15QF,HR15S1,HR15S2,HR16Val,HR16MF,HR16QF,HR16S1,HR16S2,HR17Val,HR17MF,HR17QF,HR17S1,HR17S2,HR18Val,HR18MF,HR18QF,HR18S1,HR18S2,HR19Val,HR19MF,HR19QF,HR19S1,HR19S2,HR20Val,HR20MF,HR20QF,HR20S1,HR20S2,HR21Val,HR21MF,HR21QF,HR21S1,HR21S2,HR22Val,HR22MF,HR22QF,HR22S1,HR22S2,HR23Val,HR23MF,HR23QF,HR23S1,HR23S2,DlySum,DlySumMF,DlySumQF,DlySumS1,DlySumS2
USW00094790,43.9887,-76.0262,96.9000,2020-10-01,HPCP,-9999, , ,H, ,-9999, , ,H, ,-9999, , ,H, ,-9999, , ,H, ,-9999, , ,H, ,-9999, , ,H, ,-9999, , ,H, ,-9999, , ,H, ,-9999, , ,H, ,-9999, , ,H, ,-9999, , ,H, ,4, , ,H,C,0, , ,H,C,0, , ,H,C,0, , ,H,C,0, , ,H,C,0, , ,H,C,0, , ,H,C,0, , ,H,C,1, , ,H,C,0, , ,H,C,1, , ,H,C,11, , ,H,C,15, , ,H,C,32, ,P, ,C
USW00094790,43.9887,-76.0262,96.9000,2020-10-02,HPCP,1, , ,H,C,0, , ,H,C,0, , ,H,C,0, , ,H,C,1, , ,H,C,12, , ,H,C,0, , ,H,C,0, , ,H,C,0, , ,H,C,14, , ,H,C,7, , ,H,C,4, , ,H,C,5, , ,H,C,0, , ,H,C,0, , ,H,C,1, , ,H,C,0, , ,H,C,8, , ,H,C,0, , ,H,C,0, , ,H,C,0, , ,H,C,1, , ,H,C,0, , ,H,C,0, , ,H,C,54, , , ,C
USW00094790,43.9887,-76.0262,96.9000,2020-10-03,HPCP,0, , ,H,C,0, , ,H,C,0, , ,H,C,0, , ,H,C,0, , ,H,C,0, , ,H,C,0, , ,H,C,0, , ,H,C,1, , ,H,C,0, , ,H,C,0, , ,H,C,0, , ,H,C,0, , ,H,C,0, , ,H,C,0, , ,H,C,0, , ,H,C,0, , ,H,C,1, , ,H,C,0, , ,H,C,1, , ,H,C,0, , ,H,C,0, , ,H,C,1, , ,H,C,0, , ,H,C,4, , , ,C
USW00094790,43.9887,-76.0262,96.9000,2020-10-04,HPCP,0, , ,H,C,0, , ,H,C,0, , ,H,C,0, , ,H,C,0, , ,H,C,0, , ,H,C,0, , ,H,C,0, , ,H,C,0, , ,H,C,0, , ,H,C,0, , ,H,C,0, , ,H,C,0, , ,H,C,0, , ,H,C,0, , ,H,C,0, , ,H,C,0, , ,H,C,0, , ,H,C,0, , ,H,C,0, , ,H,C,0, , ,H,C,0, , ,H,C,0, , ,H,C,0, , ,H,C,0, , , ,C
USW00094790,43.9887,-76.0262,96.9000,2020-10-05,HPCP,0, , ,H,C,0, , ,H,C,0, , ,H,C,0, , ,H,C,0, , ,H,C,0, , ,H,C,0, , ,H,C,0, , ,H,C,0, , ,H,C,0, , ,H,C,0, , ,H,C,0, , ,H,C,0, , ,H,C,0, , ,H,C,0, , ,H,C,0, , ,H,C,0, , ,H,C,0, , ,H,C,0, , ,H,C,0, , ,H,C,0, , ,H,C,0, , ,H,C,0, , ,H,C,0, , ,H,C,0, , , ,C
USW00094790,43.9887,-76.0262,96.9000,2020-10-06,HPCP,0, , ,H,C,0, , ,H,C,0, , ,H,C,0, , ,H,C,0, , ,H,C,0, , ,H,C,0, , ,H,C,0, , ,H,C,0, , ,H,C,0, , ,H,C,0, , ,H,C,0, , ,H,C,0, , ,H,C,0, , ,H,C,0, , ,H,C,0, , ,H,C,0, , ,H,C,0, , ,H,C,0, , ,H,C,0, , ,H,C,0, , ,H,C,0, , ,H,C,0, , ,H,C,0, , ,H,C,0, , , ,C
USW00094790,43.9887,-76.0262,96.9000,2020-10-07,HPCP,0, , ,H,C,0, , ,H,C,0, , ,H,C,0, , ,H,C,0, , ,H,C,0, , ,H,C,0, , ,H,C,1, , ,H,C,6, , ,H,C,4, , ,H,C,0, , ,H,C,2, , ,H,C,0, , ,H,C,0, , ,H,C,3, , ,H,C,0, , ,H,C,0, , ,H,C,0, , ,H,C,0, , ,H,C,0, , ,H,C,0, , ,H,C,0, , ,H,C,0, , ,H,C,0, , ,H,C,16, , , ,C
USW00094790,43.9887,-76.0262,96.9000,2020-10-08,HPCP,1, , ,H,C,0, , ,H,C,0, , ,H,C,0, , ,H,C,0, , ,H,C,0, , ,H,C,0, , ,H,C,0, , ,H,C,0, , ,H,C,0, , ,H,C,0, , ,H,C,0, , ,H,C,0, , ,H,C,0, , ,H,C,0, , ,H,C,0, , ,H,C,0, , ,H,C,1, , ,H,C,0, , ,H,C,0, , ,H,C,1, , ,H,C,0, , ,H,C,0, , ,H,C,0, , ,H,C,3, , , ,C
USW00094790,43.9887,-76.0262,96.9000,2020-10-09,HPCP,0, , ,H,C,0, , ,H,C,0, , ,H,C,0, , ,H,C,0, , ,H,C,0, , ,H,C,0, , ,H,C,0, , ,H,C,0, , ,H,C,0, , ,H,C,0, , ,H,C,0, , ,H,C,0, , ,H,C,0, , ,H,C,0, , ,H,C,0, , ,H,C,0, , ,H,C,0, , ,H,C,0, , ,H,C,0, , ,H,C,0, , ,H,C,0, , ,H,C,0, , ,H,C,0, , ,H,C,0, , , ,C
USW00094790,43.9887,-76.0262,96.9000,2020-10-10,HPCP,0, , ,H,C,0, , ,H,C,0, , ,H,C,0, , ,H,C,0, , ,H,C,0, , ,H,C,0, , ,H,C,0, , ,H,C,0, , ,H,C,0, , ,H,C,0, , ,H,C,0, , ,H,C,0, , ,H,C,0, , ,H,C,0, , ,H,C,0, , ,H,C,0, , ,H,C,0, , ,H,C,0, , ,H,C,0, , ,H,C,0, , ,H,C,0, , ,H,C,0, , ,H,C,0, , ,H,C,0, , , ,C
USW00094790,43.9887,-76.0262,96.9000,2020-10-11,HPCP,0, , ,H,C,0, , ,H,C,0, , ,H,C,1, , ,H,C,0, , ,H,C,0, , ,H,C,0, , ,H,C,0, , ,H,C,0, , ,H,C,0, , ,H,C,0, , ,H,C,0, , ,H,C,0, , ,H,C,0, , ,H,C,0, , ,H,C,0, , ,H,C,0, , ,H,C,1, , ,H,C,0, , ,H,C,1, , ,H,C,0, , ,H,C,0, , ,H,C,1, , ,H,C,0, , ,H,C,4, , , ,C
USW00094790,43.9887,-76.0262,96.9000,2020-10-12,HPCP,0, , ,H,C,0, , ,H,C,0, , ,H,C,0, , ,H,C,0, , ,H,C,0, , ,H,C,0, , ,H,C,0, , ,H,C,0, , ,H,C,0, , ,H,C,0, , ,H,C,0, , ,H,C,0, , ,H,C,0, , ,H,C,0, , ,H,C,0, , ,H,C,0, , ,H,C,0, , ,H,C,0, , ,H,C,0, , ,H,C,0, , ,H,C,0, , ,H,C,0, , ,H,C,0, , ,H,C,0, , , ,C
USW00094790,43.9887,-76.0262,96.9000,2020-10-13,HPCP,1, , ,H,C,6, , ,H,C,7, , ,H,C,2, , ,H,C,2, , ,H,C,0, , ,H,C,2, , ,H,C,0, , ,H,C,0, , ,H,C,0, , ,H,C,0, , ,H,C,0, , ,H,C,0, , ,H,C,0, , ,H,C,0, , ,H,C,0, , ,H,C,0, , ,H,C,0, , ,H,C,0, , ,H,C,0, , ,H,C,1, , ,H,C,0, , ,H,C,0, , ,H,C,0, , ,H,C,21, , , ,C
USW00094790,43.9887,-76.0262,96.9000,2020-10-14,HPCP,0, , ,H,C,0, , ,H,C,0, , ,H,C,0, , ,H,C,0, , ,H,C,0, , ,H,C,0, , ,H,C,0, , ,H,C,0, , ,H,C,0, , ,H,C,0, , ,H,C,0, , ,H,C,0, , ,H,C,0, , ,H,C,0, , ,H,C,0, , ,H,C,1, , ,H,C,0, , ,H,C,1, , ,H,C,0, , ,H,C,1, , ,H,C,0, , ,H,C,0, , ,H,C,0, , ,H,C,3, , , ,C
USW00094790,43.9887,-76.0262,96.9000,2020-10-15,HPCP,0, , ,H,C,0, , ,H,C,0, , ,H,C,0, , ,H,C,0, , ,H,C,0, , ,H,C,0, , ,H,C,0, , ,H,C,0, , ,H,C,0, , ,H,C,0, , ,H,C,0, , ,H,C,0, , ,H,C,0, , ,H,C,1, , ,H,C,0, , ,H,C,1, , ,H,C,3, , ,H,C,16, , ,H,C,10, , ,H,C,9, , ,H,C,7, , ,H,C,9, , ,H,C,8, , ,H,C,64, , , ,C
USW00094790,43.9887,-76.0262,96.9000,2020-10-16,HPCP,6, , ,H,C,6, , ,H,C,8, , ,H,C,11, , ,H,C,5, , ,H,C,5, , ,H,C,7, , ,H,C,24, , ,H,C,3, , ,H,C,0, , ,H,C,0, , ,H,C,0, , ,H,C,0, , ,H,C,0, , ,H,C,0, , ,H,C,0, , ,H,C,0, , ,H,C,0, , ,H,C,0, , ,H,C,1, , ,H,C,0, , ,H,C,0, , ,H,C,0, , ,H,C,0, , ,H,C,76, , , ,C
USW00094790,43.9887,-76.0262,96.9000,2020-10-17,HPCP,1, , ,H,C,0, , ,H,C,0, , ,H,C,0, , ,H,C,0, , ,H,C,0, , ,H,C,0, , ,H,C,0, , ,H,C,0, , ,H,C,0, , ,H,C,0, , ,H,C,0, , ,H,C,0, , ,H,C,0, , ,H,C,0, , ,H,C,0, , ,H,C,0, , ,H,C,1, , ,H,C,0, , ,H,C,1, , ,H,C,0, , ,H,C,0, , ,H,C,1, , ,H,C,0, , ,H,C,4, , , ,C
USW00094790,43.9887,-76.0262,96.9000,2020-10-18,HPCP,0, , ,H,C,0, , ,H,C,0, , ,H,C,0, , ,H,C,0, , ,H,C,0, , ,H,C,0, , ,H,C,0, , ,H,C,0, , ,H,C,0, , ,H,C,0, , ,H,C,0, , ,H,C,0, , ,H,C,0, , ,H,C,0, , ,H,C,0, , ,H,C,0, , ,H,C,0, , ,H,C,0, , ,H,C,0, , ,H,C,0, , ,H,C,0, , ,H,C,0, , ,H,C,0, , ,H,C,0, , , ,C
USW00094790,43.9887,-76.0262,96.9000,2020-10-19,HPCP,0, , ,H,C,0, , ,H,C,0, , ,H,C,0, , ,H,C,1, , ,H,C,0, , ,H,C,1, , ,H,C,8, , ,H,C,13, , ,H,C,7, , ,H,C,6, , ,H,C,7, , ,H,C,5, , ,H,C,4, , ,H,C,3, , ,H,C,2, , ,H,C,1, , ,H,C,2, , ,H,C,1, , ,H,C,0, , ,H,C,0, , ,H,C,2, , ,H,C,14, , ,H,C,4, , ,H,C,81, , , ,C
USW00094790,43.9887,-76.0262,96.9000,2020-10-20,HPCP,6, , ,H,C,6, , ,H,C,14, , ,H,C,26, , ,H,C,9, , ,H,C,9, , ,H,C,2, , ,H,C,1, , ,H,C,0, , ,H,C,0, , ,H,C,0, , ,H,C,0, , ,H,C,0, , ,H,C,0, , ,H,C,0, , ,H,C,0, , ,H,C,0, , ,H,C,0, , ,H,C,0, , ,H,C,0, , ,H,C,0, , ,H,C,0, , ,H,C,0, , ,H,C,0, , ,H,C,73, , , ,C
USW00094790,43.9887,-76.0262,96.9000,2020-10-21,HPCP,0, , ,H,C,0, , ,H,C,0, , ,H,C,0, , ,H,C,1, , ,H,C,15, , ,H,C,12, , ,H,C,4, , ,H,C,7, , ,H,C,3, , ,H,C,2, , ,H,C,0, , ,H,C,0, , ,H,C,0, , ,H,C,0, , ,H,C,0, , ,H,C,0, , ,H,C,0, , ,H,C,0, , ,H,C,0, , ,H,C,1, , ,H,C,0, , ,H,C,0, , ,H,C,0, , ,H,C,45, , , ,C
USW00094790,43.9887,-76.0262,96.9000,2020-10-22,HPCP,0, , ,H,C,0, , ,H,C,0, , ,H,C,0, , ,H,C,0, , ,H,C,0, , ,H,C,0, , ,H,C,0, , ,H,C,0, , ,H,C,0, , ,H,C,0, , ,H,C,0, , ,H,C,0, , ,H,C,0, , ,H,C,0, , ,H,C,0, , ,H,C,0, , ,H,C,0, , ,H,C,0, , ,H,C,0, , ,H,C,0, , ,H,C,0, , ,H,C,0, , ,H,C,0, , ,H,C,0, , , ,C
USW00094790,43.9887,-76.0262,96.9000,2020-10-23,HPCP,0, , ,H,C,0, , ,H,C,0, , ,H,C,0, , ,H,C,0, , ,H,C,0, , ,H,C,0, , ,H,C,0, , ,H,C,0, , ,H,C,0, , ,H,C,0, , ,H,C,0, , ,H,C,0, , ,H,C,0, , ,H,C,0, , ,H,C,0, , ,H,C,0, , ,H,C,0, , ,H,C,0, , ,H,C,0, , ,H,C,0, , ,H,C,0, , ,H,C,0, , ,H,C,0, , ,H,C,0, , , ,C
USW00094790,43.9887,-76.0262,96.9000,2020-10-24,HPCP,8, , ,H,C,1, , ,H,C,0, , ,H,C,3, , ,H,C,12, , ,H,C,3, , ,H,C,3, , ,H,C,0, , ,H,C,0, , ,H,C,0, , ,H,C,0, , ,H,C,0, , ,H,C,0, , ,H,C,0, , ,H,C,0, , ,H,C,0, , ,H,C,0, , ,H,C,0, , ,H,C,1, , ,H,C,0, , ,H,C,0, , ,H,C,0, , ,H,C,1, , ,H,C,0, , ,H,C,32, , , ,C
USW00094790,43.9887,-76.0262,96.9000,2020-10-25,HPCP,0, , ,H,C,0, , ,H,C,0, , ,H,C,0, , ,H,C,0, , ,H,C,0, , ,H,C,0, , ,H,C,0, , ,H,C,0, , ,H,C,0, , ,H,C,0, , ,H,C,0, , ,H,C,0, , ,H,C,0, , ,H,C,0, , ,H,C,0, , ,H,C,0, , ,H,C,0, , ,H,C,0, , ,H,C,1, , ,H,C,0, , ,H,C,0, , ,H,C,0, , ,H,C,1, , ,H,C,2, , , ,C
USW00094790,43.9887,-76.0262,96.9000,2020-10-26,HPCP,0, , ,H,C,5, , ,H,C,3, , ,H,C,5, , ,H,C,3, , ,H,C,4, , ,H,C,2, , ,H,C,2, , ,H,C,1, , ,H,C,1, , ,H,C,2, , ,H,C,2, , ,H,C,1, , ,H,C,0, , ,H,C,1, , ,H,C,5, , ,H,C,0, , ,H,C,0, , ,H,C,0, , ,H,C,0, , ,H,C,0, , ,H,C,0, , ,H,C,0, , ,H,C,1, , ,H,C,38, , , ,C
USW00094790,43.9887,-76.0262,96.9000,2020-10-27,HPCP,0, , ,H,C,0, , ,H,C,0, , ,H,C,0, , ,H,C,0, , ,H,C,0, , ,H,C,0, , ,H,C,0, , ,H,C,0, , ,H,C,0, , ,H,C,0, , ,H,C,0, , ,H,C,0, , ,H,C,0, , ,H,C,0, , ,H,C,2, , ,H,C,2, , ,H,C,5, , ,H,C,1, , ,H,C,0, , ,H,C,0, , ,H,C,0, , ,H,C,0, , ,H,C,0, , ,H,C,10, , , ,C
USW00094790,43.9887,-76.0262,96.9000,2020-10-28,HPCP,0, , ,H,C,4, , ,H,C,0, , ,H,C,0, , ,H,C,6, , ,H,C,0, , ,H,C,0, , ,H,C,1, , ,H,C,4, , ,H,C,2, , ,H,C,1, , ,H,C,0, , ,H,C,0, , ,H,C,0, , ,H,C,0, , ,H,C,0, , ,H,C,0, , ,H,C,0, , ,H,C,0, , ,H,C,0, , ,H,C,0, , ,H,C,0, , ,H,C,0, , ,H,C,0, , ,H,C,18, , , ,C
USW00094790,43.9887,-76.0262,96.9000,2020-10-29,HPCP,0, , ,H,C,0, , ,H,C,0, , ,H,C,0, , ,H,C,0, , ,H,C,1, , ,H,C,0, , ,H,C,0, , ,H,C,0, , ,H,C,0, , ,H,C,0, , ,H,C,0, , ,H,C,0, , ,H,C,0, , ,H,C,0, , ,H,C,0, , ,H,C,0, , ,H,C,0, , ,H,C,0, , ,H,C,0, , ,H,C,0, , ,H,C,0, , ,H,C,0, , ,H,C,1, , ,H,C,2, , , ,C
USW00094790,43.9887,-76.0262,96.9000,2020-10-30,HPCP,0, , ,H,C,0, , ,H,C,0, , ,H,C,0, , ,H,C,0, , ,H,C,0, , ,H,C,0, , ,H,C,0, , ,H,C,0, , ,H,C,0, , ,H,C,0, , ,H,C,0, , ,H,C,0, , ,H,C,0, , ,H,C,0, , ,H,C,0, , ,H,C,0, , ,H,C,0, , ,H,C,0, , ,H,C,0, , ,H,C,0, , ,H,C,0, , ,H,C,0, , ,H,C,0, , ,H,C,0, , , ,C
USW00094790,43.9887,-76.0262,96.9000,2020-10-31,HPCP,0, , ,H,C,0, , ,H,C,0, , ,H,C,0, , ,H,C,0, , ,H,C,0, , ,H,C,0, , ,H,C,0, , ,H,C,0, , ,H,C,0, , ,H,C,0, , ,H,C,0, , ,H,C,0, , ,H,C,0, , ,H,C,0, , ,H,C,0, , ,H,C,0, , ,H,C,0, , ,H,C,0, , ,H,C,0, , ,H,C,0, , ,H,C,0, , ,H,C,0, , ,H,C,0, , ,H,C,0, , , ,C
USW00094790,43.9887,-76.0262,96.9000,2020-11-01,HPCP,0, , ,H,C,0, , ,H,C,0, , ,H,C,0, , ,H,C,0, , ,H,C,0, , ,H,C,0, , ,H,C,0, , ,H,C,0, , ,H,C,0, , ,H,C,0, , ,H,C,4, , ,H,C,4, , ,H,C,3, , ,H,C,15, , ,H,C,6, , ,H,C,0, , ,H,C,1, , ,H,C,0, , ,H,C,0, , ,H,C,0, , ,H,C,0, , ,H,C,1, , ,H,C,0, , ,H,C,34, , , ,C
USW00094790,43.9887,-76.0262,96.9000,2020-11-02,HPCP,0, , ,H,C,0, , ,H,C,0, , ,H,C,0, , ,H,C,0, , ,H,C,0, , ,H,C,0, , ,H,C,0, , ,H,C,0, , ,H,C,0, , ,H,C,0, , ,H,C,0, , ,H,C,0, , ,H,C,2, , ,H,C,0, , ,H,C,0, , ,H,C,0, , ,H,C,1, , ,H,C,0, , ,H,C,2, , ,H,C,0, , ,H,C,2, , ,H,C,0, , ,H,C,0, , ,H,C,7, , , ,C
USW00094790,43.9887,-76.0262,96.9000,2020-11-03,HPCP,2, , ,H,C,0, , ,H,C,0, , ,H,C,1, , ,H,C,0, , ,H,C,0, , ,H,C,0, , ,H,C,0, , ,H,C,0, , ,H,C,0, , ,H,C,0, , ,H,C,0, , ,H,C,0, , ,H,C,0, , ,H,C,0, , ,H,C,0, , ,H,C,0, , ,H,C,1, , ,H,C,0, , ,H,C,0, , ,H,C,0, , ,H,C,0, , ,H,C,0, , ,H,C,0, , ,H,C,4, , , ,C
USW00094790,43.9887,-76.0262,96.9000,2020-11-04,HPCP,0, , ,H,C,0, , ,H,C,0, , ,H,C,0, , ,H,C,0, , ,H,C,0, , ,H,C,0, , ,H,C,0, , ,H,C,0, , ,H,C,0, , ,H,C,0, , ,H,C,0, , ,H,C,0, , ,H,C,0, , ,H,C,0, , ,H,C,0, , ,H,C,0, , ,H,C,0, , ,H,C,0, , ,H,C,0, , ,H,C,0, , ,H,C,0, , ,H,C,0, , ,H,C,0, , ,H,C,0, , , ,C
USW00094790,43.9887,-76.0262,96.9000,2020-11-05,HPCP,0, , ,H,C,0, , ,H,C,0, , ,H,C,0, , ,H,C,0, , ,H,C,0, , ,H,C,0, , ,H,C,0, , ,H,C,0, , ,H,C,0, , ,H,C,0, , ,H,C,0, , ,H,C,0, , ,H,C,0, , ,H,C,0, , ,H,C,0, , ,H,C,0, , ,H,C,0, , ,H,C,0, , ,H,C,0, , ,H,C,0, , ,H,C,0, , ,H,C,0, , ,H,C,0, , ,H,C,0, , , ,C
USW00094790,43.9887,-76.0262,96.9000,2020-11-06,HPCP,0, , ,H,C,0, , ,H,C,0, , ,H,C,0, , ,H,C,0, , ,H,C,0, , ,H,C,0, , ,H,C,0, , ,H,C,0, , ,H,C,0, , ,H,C,0, , ,H,C,0, , ,H,C,0, , ,H,C,0, , ,H,C,0, , ,H,C,0, , ,H,C,0, , ,H,C,0, , ,H,C,0, , ,H,C,0, , ,H,C,0, , ,H,C,0, , ,H,C,0, , ,H,C,0, , ,H,C,0, , , ,C
USW00094790,43.9887,-76.0262,96.9000,2020-11-07,HPCP,0, , ,H,C,0, , ,H,C,0, , ,H,C,0, , ,H,C,0, , ,H,C,0, , ,H,C,0, , ,H,C,0, , ,H,C,0, , ,H,C,0, , ,H,C,0, , ,H,C,0, , ,H,C,0, , ,H,C,0, , ,H,C,0, , ,H,C,0, , ,H,C,0, , ,H,C,0, , ,H,C,0, , ,H,C,0, , ,H,C,0, , ,H,C,0, , ,H,C,0, , ,H,C,0, , ,H,C,0, , , ,C
USW00094790,43.9887,-76.0262,96.9000,2020-11-08,HPCP,0, , ,H,C,0, , ,H,C,0, , ,H,C,0, , ,H,C,0, , ,H,C,0, , ,H,C,0, , ,H,C,0, , ,H,C,0, , ,H,C,0, , ,H,C,0, , ,H,C,0, , ,H,C,0, , ,H,C,0, , ,H,C,0, , ,H,C,0, , ,H,C,0, , ,H,C,0, , ,H,C,0, , ,H,C,0, , ,H,C,0, , ,H,C,0, , ,H,C,0, , ,H,C,0, , ,H,C,0, , , ,C
USW00094790,43.9887,-76.0262,96.9000,2020-11-09,HPCP,0, , ,H,C,0, , ,H,C,0, , ,H,C,0, , ,H,C,0, , ,H,C,0, , ,H,C,0, , ,H,C,0, , ,H,C,0, , ,H,C,0, , ,H,C,0, , ,H,C,0, , ,H,C,0, , ,H,C,0, , ,H,C,0, , ,H,C,0, , ,H,C,0, , ,H,C,0, , ,H,C,0, , ,H,C,0, , ,H,C,0, , ,H,C,0, , ,H,C,0, , ,H,C,0, , ,H,C,0, , , ,C
USW00094790,43.9887,-76.0262,96.9000,2020-11-10,HPCP,0, , ,H,C,0, , ,H,C,0, , ,H,C,0, , ,H,C,0, , ,H,C,0, , ,H,C,0, , ,H,C,0, , ,H,C,0, , ,H,C,0, , ,H,C,0, , ,H,C,0, , ,H,C,0, , ,H,C,0, , ,H,C,0, , ,H,C,0, , ,H,C,0, , ,H,C,0, , ,H,C,0, , ,H,C,0, , ,H,C,0, , ,H,C,0, , ,H,C,0, , ,H,C,0, , ,H,C,0, , , ,C
USW00094790,43.9887,-76.0262,96.9000,2020-11-11,HPCP,0, , ,H,C,0, , ,H,C,0, , ,H,C,0, , ,H,C,0, , ,H,C,0, , ,H,C,16, , ,H,C,12, , ,H,C,4, , ,H,C,6, , ,H,C,2, , ,H,C,0, , ,H,C,0, , ,H,C,0, , ,H,C,0, , ,H,C,0, , ,H,C,0, , ,H,C,0, , ,H,C,0, , ,H,C,0, , ,H,C,0, , ,H,C,0, , ,H,C,0, , ,H,C,1, , ,H,C,41, , , ,C
USW00094790,43.9887,-76.0262,96.9000,2020-11-12,HPCP,0, , ,H,C,0, , ,H,C,0, , ,H,C,0, , ,H,C,0, , ,H,C,0, , ,H,C,0, , ,H,C,0, , ,H,C,0, , ,H,C,0, , ,H,C,0, , ,H,C,0, , ,H,C,0, , ,H,C,0, , ,H,C,0, , ,H,C,0, , ,H,C,0, , ,H,C,0, , ,H,C,0, , ,H,C,1, , ,H,C,0, , ,H,C,0, , ,H,C,1, , ,H,C,0, , ,H,C,2, , , ,C
USW00094790,43.9887,-76.0262,96.9000,2020-11-13,HPCP,0, , ,H,C,0, , ,H,C,0, , ,H,C,0, , ,H,C,0, , ,H,C,0, , ,H,C,0, , ,H,C,0, , ,H,C,0, , ,H,C,0, , ,H,C,0, , ,H,C,0, , ,H,C,0, , ,H,C,0, , ,H,C,0, , ,H,C,0, , ,H,C,0, , ,H,C,0, , ,H,C,0, , ,H,C,0, , ,H,C,0, , ,H,C,0, , ,H,C,0, , ,H,C,0, , ,H,C,0, , , ,C
USW00094790,43.9887,-76.0262,96.9000,2020-11-14,HPCP,0, , ,H,C,0, , ,H,C,0, , ,H,C,0, , ,H,C,0, , ,H,C,0, , ,H,C,0, , ,H,C,0, , ,H,C,0, , ,H,C,0, , ,H,C,0, , ,H,C,0, , ,H,C,0, , ,H,C,0, , ,H,C,0, , ,H,C,0, , ,H,C,0, , ,H,C,0, , ,H,C,0, , ,H,C,0, , ,H,C,0, , ,H,C,0, , ,H,C,0, , ,H,C,0, , ,H,C,0, , , ,C
USW00094790,43.9887,-76.0262,96.9000,2020-11-15,HPCP,0, , ,H,C,0, , ,H,C,0, , ,H,C,0, , ,H,C,0, , ,H,C,0, , ,H,C,0, , ,H,C,0, , ,H,C,0, , ,H,C,0, , ,H,C,0, , ,H,C,0, , ,H,C,0, , ,H,C,0, , ,H,C,1, , ,H,C,0, , ,H,C,3, , ,H,C,2, , ,H,C,6, , ,H,C,1, , ,H,C,1, , ,H,C,0, , ,H,C,0, , ,H,C,3, , ,H,C,17, , , ,C
USW00094790,43.9887,-76.0262,96.9000,2020-11-16,HPCP,0, , ,H,C,0, , ,H,C,1, , ,H,C,4, , ,H,C,7, , ,H,C,0, , ,H,C,0, , ,H,C,0, , ,H,C,0, , ,H,C,0, , ,H,C,2, , ,H,C,0, , ,H,C,0, , ,H,C,0, , ,H,C,0, , ,H,C,0, , ,H,C,0, , ,H,C,0, , ,H,C,0, , ,H,C,0, , ,H,C,1, , ,H,C,0, , ,H,C,0, , ,H,C,0, , ,H,C,15, , , ,C
USW00094790,43.9887,-76.0262,96.9000,2020-11-17,HPCP,0, , ,H,C,0, , ,H,C,0, , ,H,C,0, , ,H,C,1, , ,H,C,0, , ,H,C,0, , ,H,C,0, , ,H,C,0, , ,H,C,0, , ,H,C,0, , ,H,C,0, , ,H,C,0, , ,H,C,0, , ,H,C,0, , ,H,C,0, , ,H,C,0, , ,H,C,0, , ,H,C,1, , ,H,C,0, , ,H,C,0, , ,H,C,0, , ,H,C,0, , ,H,C,0, , ,H,C,2, , , ,C
USW00094790,43.9887,-76.0262,96.9000,2020-11-18,HPCP,0, , ,H,C,0, , ,H,C,0, , ,H,C,0, , ,H,C,0, , ,H,C,0, , ,H,C,0, , ,H,C,0, , ,H,C,0, , ,H,C,0, , ,H,C,0, , ,H,C,0, , ,H,C,0, , ,H,C,0, , ,H,C,0, , ,H,C,0, , ,H,C,0, , ,H,C,0, , ,H,C,0, , ,H,C,0, , ,H,C,0, , ,H,C,0, , ,H,C,0, , ,H,C,0, , ,H,C,0, , , ,C
USW00094790,43.9887,-76.0262,96.9000,2020-11-19,HPCP,0, , ,H,C,0, , ,H,C,0, , ,H,C,0, , ,H,C,0, , ,H,C,0, , ,H,C,0, , ,H,C,0, , ,H,C,0, , ,H,C,0, , ,H,C,0, , ,H,C,0, , ,H,C,0, , ,H,C,0, , ,H,C,0, , ,H,C,0, , ,H,C,0, , ,H,C,0, , ,H,C,0, , ,H,C,0, , ,H,C,0, , ,H,C,0, , ,H,C,0, , ,H,C,0, , ,H,C,0, , , ,C
USW00094790,43.9887,-76.0262,96.9000,2020-11-20,HPCP,0, , ,H,C,0, , ,H,C,0, , ,H,C,0, , ,H,C,0, , ,H,C,0, , ,H,C,0, , ,H,C,0, , ,H,C,0, , ,H,C,0, , ,H,C,0, , ,H,C,0, , ,H,C,0, , ,H,C,0, , ,H,C,0, , ,H,C,0, , ,H,C,0, , ,H,C,0, , ,H,C,0, , ,H,C,0, , ,H,C,0, , ,H,C,0, , ,H,C,0, , ,H,C,0, , ,H,C,0, , , ,C
USW00094790,43.9887,-76.0262,96.9000,2020-11-21,HPCP,0, , ,H,C,0, , ,H,C,0, , ,H,C,0, , ,H,C,0, , ,H,C,0, , ,H,C,0, , ,H,C,0, , ,H,C,0, , ,H,C,0, , ,H,C,0, , ,H,C,0, , ,H,C,0, , ,H,C,0, , ,H,C,0, , ,H,C,0, , ,H,C,0, , ,H,C,0, , ,H,C,0, , ,H,C,0, , ,H,C,0, , ,H,C,0, , ,H,C,0, , ,H,C,0, , ,H,C,0, , , ,C
USW00094790,43.9887,-76.0262,96.9000,2020-11-22,HPCP,0, , ,H,C,0, , ,H,C,0, , ,H,C,0, , ,H,C,0, , ,H,C,0, , ,H,C,0, , ,H,C,0, , ,H,C,0, , ,H,C,0, , ,H,C,0, , ,H,C,0, , ,H,C,0, , ,H,C,0, , ,H,C,2, , ,H,C,4, , ,H,C,4, , ,H,C,6, , ,H,C,1, , ,H,C,3, , ,H,C,5, , ,H,C,5, , ,H,C,6, , ,H,C,6, , ,H,C,42, , , ,C
USW00094790,43.9887,-76.0262,96.9000,2020-11-23,HPCP,4, , ,H,C,7, , ,H,C,5, , ,H,C,6, , ,H,C,7, , ,H,C,1, , ,H,C,0, , ,H,C,0, , ,H,C,0, , ,H,C,0, , ,H,C,0, , ,H,C,0, , ,H,C,0, , ,H,C,0, , ,H,C,0, , ,H,C,0, , ,H,C,0, , ,H,C,0, , ,H,C,0, , ,H,C,0, , ,H,C,0, , ,H,C,0, , ,H,C,0, , ,H,C,0, , ,H,C,30, , , ,C
USW00094790,43.9887,-76.0262,96.9000,2020-11-24,HPCP,1, , ,H,C,0, , ,H,C,0, , ,H,C,0, , ,H,C,0, , ,H,C,0, , ,H,C,0, , ,H,C,0, , ,H,C,0, , ,H,C,0, , ,H,C,0, , ,H,C,0, , ,H,C,0, , ,H,C,0, , ,H,C,0, , ,H,C,0, , ,H,C,0, , ,H,C,0, , ,H,C,0, , ,H,C,0, , ,H,C,1, , ,H,C,0, , ,H,C,0, , ,H,C,0, , ,H,C,2, , , ,C
USW00094790,43.9887,-76.0262,96.9000,2020-11-25,HPCP,0, , ,H,C,0, , ,H,C,1, , ,H,C,3, , ,H,C,0, , ,H,C,0, , ,H,C,0, , ,H,C,0, , ,H,C,0, , ,H,C,0, , ,H,C,0, , ,H,C,0, , ,H,C,0, , ,H,C,0, , ,H,C,0, , ,H,C,0, , ,H,C,0, , ,H,C,0, , ,H,C,0, , ,H,C,0, , ,H,C,6, , ,H,C,5, , ,H,C,7, , ,H,C,7, , ,H,C,29, , , ,C
USW00094790,43.9887,-76.0262,96.9000,2020-11-26,HPCP,4, , ,H,C,1, , ,H,C,0, , ,H,C,1, , ,H,C,0, , ,H,C,0, , ,H,C,4, , ,H,C,6, , ,H,C,0, , ,H,C,0, , ,H,C,0, , ,H,C,0, , ,H,C,0, , ,H,C,0, , ,H,C,0, , ,H,C,0, , ,H,C,0, , ,H,C,0, , ,H,C,0, , ,H,C,0, , ,H,C,0, , ,H,C,0, , ,H,C,0, , ,H,C,0, , ,H,C,16, , , ,C
USW00094790,43.9887,-76.0262,96.9000,2020-11-27,HPCP,0, , ,H,C,1, , ,H,C,0, , ,H,C,0, , ,H,C,0, , ,H,C,0, , ,H,C,0, , ,H,C,0, , ,H,C,0, , ,H,C,0, , ,H,C,0, , ,H,C,0, , ,H,C,0, , ,H,C,0, , ,H,C,0, , ,H,C,0, , ,H,C,0, , ,H,C,0, , ,H,C,0, , ,H,C,0, , ,H,C,0, , ,H,C,0, , ,H,C,0, , ,H,C,0, , ,H,C,1, , , ,C
USW00094790,43.9887,-76.0262,96.9000,2020-11-28,HPCP,1, , ,H,C,2, , ,H,C,0, , ,H,C,0, , ,H,C,1, , ,H,C,1, , ,H,C,0, , ,H,C,2, , ,H,C,2, , ,H,C,0, , ,H,C,0, , ,H,C,0, , ,H,C,0, , ,H,C,0, , ,H,C,0, , ,H,C,0, , ,H,C,0, , ,H,C,0, , ,H,C,0, , ,H,C,0, , ,H,C,0, , ,H,C,0, , ,H,C,1, , ,H,C,0, , ,H,C,10, , , ,C
USW00094790,43.9887,-76.0262,96.9000,2020-11-29,HPCP,0, , ,H,C,0, , ,H,C,0, , ,H,C,0, , ,H,C,0, , ,H,C,0, , ,H,C,0, , ,H,C,0, , ,H,C,0, , ,H,C,0, , ,H,C,0, , ,H,C,0, , ,H,C,0, , ,H,C,0, , ,H,C,0, , ,H,C,0, , ,H,C,0, , ,H,C,0, , ,H,C,1, , ,H,C,0, , ,H,C,0, , ,H,C,0, , ,H,C,0, , ,H,C,0, , ,H,C,1, , , ,C
USW00094790,43.9887,-76.0262,96.9000,2020-11-30,HPCP,0, , ,H,C,0, , ,H,C,0, , ,H,C,0, , ,H,C,0, , ,H,C,0, , ,H,C,0, , ,H,C,0, , ,H,C,0, , ,H,C,0, , ,H,C,8, , ,H,C,11, , ,H,C,17, , ,H,C,12, , ,H,C,2, , ,H,C,6, , ,H,C,7, , ,H,C,6, , ,H,C,1, , ,H,C,0, , ,H,C,0, , ,H,C,1, , ,H,C,0, , ,H,C,0, , ,H,C,71, , , ,C
USW00094790,43.9887,-76.0262,96.9000,2020-12-01,HPCP,0, , ,H,C,0, , ,H,C,0, , ,H,C,0, , ,H,C,0, , ,H,C,0, , ,H,C,0, , ,H,C,0, , ,H,C,0, , ,H,C,0, , ,H,C,0, , ,H,C,0, , ,H,C,0, , ,H,C,0, , ,H,C,0, , ,H,C,0, , ,H,C,0, , ,H,C,0, , ,H,C,0, , ,H,C,0, , ,H,C,0, , ,H,C,0, , ,H,C,0, , ,H,C,0, , ,H,C,0, , , ,C
USW00094790,43.9887,-76.0262,96.9000,2020-12-02,HPCP,0, , ,H,C,0, , ,H,C,2, , ,H,C,3, , ,H,C,1, , ,H,C,1, , ,H,C,0, , ,H,C,0, , ,H,C,0, , ,H,C,1, , ,H,C,1, , ,H,C,0, , ,H,C,0, , ,H,C,1, , ,H,C,0, , ,H,C,0, , ,H,C,0, , ,H,C,0, , ,H,C,0, , ,H,C,0, , ,H,C,0, , ,H,C,0, , ,H,C,0, , ,H,C,0, , ,H,C,10, , , ,C
USW00094790,43.9887,-76.0262,96.9000,2020-12-03,HPCP,1, , ,H,C,0, , ,H,C,0, , ,H,C,0, , ,H,C,0, , ,H,C,0, , ,H,C,0, , ,H,C,0, , ,H,C,0, , ,H,C,0, , ,H,C,0, , ,H,C,0, , ,H,C,0, , ,H,C,0, , ,H,C,0, , ,H,C,0, , ,H,C,0, , ,H,C,0, , ,H,C,0, , ,H,C,0, , ,H,C,0, , ,H,C,0, , ,H,C,0, , ,H,C,0, , ,H,C,1, , , ,C
USW00094790,43.9887,-76.0262,96.9000,2020-12-04,HPCP,0, , ,H,C,0, , ,H,C,0, , ,H,C,1, , ,H,C,0, , ,H,C,0, , ,H,C,0, , ,H,C,1, , ,H,C,2, , ,H,C,1, , ,H,C,1, , ,H,C,1, , ,H,C,3, , ,H,C,2, , ,H,C,6, , ,H,C,8, , ,H,C,3, , ,H,C,1, , ,H,C,3, , ,H,C,5, , ,H,C,2, , ,H,C,0, , ,H,C,0, , ,H,C,0, , ,H,C,40, , , ,C
USW00094790,43.9887,-76.0262,96.9000,2020-12-05,HPCP,0, , ,H,C,0, , ,H,C,0, , ,H,C,0, , ,H,C,0, , ,H,C,0, , ,H,C,0, , ,H,C,0, , ,H,C,0, , ,H,C,0, , ,H,C,0, , ,H,C,0, , ,H,C,0, , ,H,C,1, , ,H,C,0, , ,H,C,0, , ,H,C,0, , ,H,C,0, , ,H,C,0, , ,H,C,0, , ,H,C,0, , ,H,C,0, , ,H,C,0, , ,H,C,0, , ,H,C,1, , , ,C
USW00094790,43.9887,-76.0262,96.9000,2020-12-06,HPCP,0, , ,H,C,0, , ,H,C,0, , ,H,C,0, , ,H,C,0, , ,H,C,0, , ,H,C,0, , ,H,C,0, , ,H,C,0, , ,H,C,0, , ,H,C,0, , ,H,C,0, , ,H,C,0, , ,H,C,0, , ,H,C,0, , ,H,C,0, , ,H,C,0, , ,H,C,0, , ,H,C,0, , ,H,C,0, , ,H,C,0, , ,H,C,0, , ,H,C,0, , ,H,C,0, , ,H,C,0, , , ,C
USW00094790,43.9887,-76.0262,96.9000,2020-12-07,HPCP,1, , ,H,C,0, , ,H,C,0, , ,H,C,0, , ,H,C,0, , ,H,C,0, , ,H,C,0, , ,H,C,0, , ,H,C,1, , ,H,C,-9999, , ,H,C,3, , ,H,C,0, , ,H,C,6, , ,H,C,6, , ,H,C,7, , ,H,C,0, , ,H,C,0, , ,H,C,2, , ,H,C,0, , ,H,C,0, , ,H,C,0, , ,H,C,0, , ,H,C,0, , ,H,C,7, , ,H,C,33, ,P, ,C
USW00094790,43.9887,-76.0262,96.9000,2020-12-08,HPCP,0, , ,H,C,0, , ,H,C,0, , ,H,C,0, , ,H,C,0, , ,H,C,0, , ,H,C,0, , ,H,C,0, , ,H,C,0, , ,H,C,0, , ,H,C,0, , ,H,C,0, , ,H,C,0, , ,H,C,0, , ,H,C,0, , ,H,C,0, , ,H,C,0, , ,H,C,0, , ,H,C,0, , ,H,C,0, , ,H,C,0, , ,H,C,0, , ,H,C,0, , ,H,C,0, , ,H,C,0, , , ,C
USW00094790,43.9887,-76.0262,96.9000,2020-12-09,HPCP,3, , ,H,C,4, , ,H,C,0, , ,H,C,4, , ,H,C,2, , ,H,C,2, , ,H,C,5, , ,H,C,6, , ,H,C,7, , ,H,C,3, , ,H,C,2, , ,H,C,7, , ,H,C,0, , ,H,C,5, , ,H,C,4, , ,H,C,2, , ,H,C,0, , ,H,C,0, , ,H,C,4, , ,H,C,2, , ,H,C,1, , ,H,C,4, , ,H,C,1, , ,H,C,0, , ,H,C,68, , , ,C
USW00094790,43.9887,-76.0262,96.9000,2020-12-10,HPCP,0, , ,H,C,1, , ,H,C,0, , ,H,C,1, , ,H,C,0, , ,H,C,0, , ,H,C,0, , ,H,C,0, , ,H,C,0, , ,H,C,0, , ,H,C,2, , ,H,C,7, , ,H,C,0, , ,H,C,2, , ,H,C,2, , ,H,C,0, , ,H,C,0, , ,H,C,0, , ,H,C,0, , ,H,C,0, , ,H,C,0, , ,H,C,7, , ,H,C,0, , ,H,C,1, , ,H,C,23, , , ,C
USW00094790,43.9887,-76.0262,96.9000,2020-12-11,HPCP,0, , ,H,C,0, , ,H,C,0, , ,H,C,0, , ,H,C,0, , ,H,C,0, , ,H,C,0, , ,H,C,0, , ,H,C,0, , ,H,C,0, , ,H,C,0, , ,H,C,0, , ,H,C,0, , ,H,C,0, , ,H,C,0, , ,H,C,0, , ,H,C,0, , ,H,C,0, , ,H,C,0, , ,H,C,0, , ,H,C,0, , ,H,C,0, , ,H,C,0, , ,H,C,0, , ,H,C,0, , , ,C
USW00094790,43.9887,-76.0262,96.9000,2020-12-12,HPCP,0, , ,H,C,0, , ,H,C,3, , ,H,C,2, , ,H,C,4, , ,H,C,0, , ,H,C,2, , ,H,C,1, , ,H,C,0, , ,H,C,0, , ,H,C,3, , ,H,C,0, , ,H,C,3, , ,H,C,0, , ,H,C,0, , ,H,C,2, , ,H,C,0, , ,H,C,0, , ,H,C,5, , ,H,C,0, , ,H,C,0, , ,H,C,0, , ,H,C,5, , ,H,C,2, , ,H,C,32, , , ,C
USW00094790,43.9887,-76.0262,96.9000,2020-12-13,HPCP,0, , ,H,C,8, , ,H,C,1, , ,H,C,0, , ,H,C,0, , ,H,C,0, , ,H,C,0, , ,H,C,0, , ,H,C,0, , ,H,C,0, , ,H,C,0, , ,H,C,0, , ,H,C,0, , ,H,C,0, , ,H,C,0, , ,H,C,0, , ,H,C,0, , ,H,C,0, , ,H,C,0, , ,H,C,0, , ,H,C,1, , ,H,C,0, , ,H,C,2, , ,H,C,0, , ,H,C,12, , , ,C
USW00094790,43.9887,-76.0262,96.9000,2020-12-14,HPCP,0, , ,H,C,0, , ,H,C,0, , ,H,C,0, , ,H,C,0, , ,H,C,0, , ,H,C,0, , ,H,C,1, , ,H,C,0, , ,H,C,0, , ,H,C,0, , ,H,C,2, , ,H,C,4, , ,H,C,1, , ,H,C,2, , ,H,C,0, , ,H,C,0, , ,H,C,0, , ,H,C,0, , ,H,C,0, , ,H,C,0, , ,H,C,0, , ,H,C,0, , ,H,C,0, , ,H,C,10, , , ,C
USW00094790,43.9887,-76.0262,96.9000,2020-12-15,HPCP,0, , ,H,C,0, , ,H,C,0, , ,H,C,0, , ,H,C,0, , ,H,C,0, , ,H,C,0, , ,H,C,0, , ,H,C,0, , ,H,C,0, , ,H,C,0, , ,H,C,0, , ,H,C,0, , ,H,C,0, , ,H,C,6, , ,H,C,6, , ,H,C,0, , ,H,C,0, , ,H,C,3, , ,H,C,0, , ,H,C,0, , ,H,C,0, , ,H,C,4, , ,H,C,0, , ,H,C,19, , , ,C
USW00094790,43.9887,-76.0262,96.9000,2020-12-16,HPCP,0, , ,H,C,0, , ,H,C,0, , ,H,C,0, , ,H,C,0, , ,H,C,0, , ,H,C,0, , ,H,C,0, , ,H,C,0, , ,H,C,0, , ,H,C,0, , ,H,C,0, , ,H,C,0, , ,H,C,0, , ,H,C,0, , ,H,C,0, , ,H,C,0, , ,H,C,0, , ,H,C,0, , ,H,C,0, , ,H,C,0, , ,H,C,0, , ,H,C,0, , ,H,C,0, , ,H,C,0, , , ,C
USW00094790,43.9887,-76.0262,96.9000,2020-12-17,HPCP,2, , ,H,C,0, , ,H,C,2, , ,H,C,0, , ,H,C,3, , ,H,C,2, , ,H,C,0, , ,H,C,4, , ,H,C,2, , ,H,C,5, , ,H,C,0, , ,H,C,1, , ,H,C,2, , ,H,C,6, , ,H,C,0, , ,H,C,8, , ,H,C,6, , ,H,C,8, , ,H,C,0, , ,H,C,0, , ,H,C,0, , ,H,C,5, , ,H,C,0, , ,H,C,0, , ,H,C,56, , , ,C
USW00094790,43.9887,-76.0262,96.9000,2020-12-18,HPCP,0, , ,H,C,0, , ,H,C,0, , ,H,C,0, , ,H,C,0, , ,H,C,0, , ,H,C,0, , ,H,C,0, , ,H,C,0, , ,H,C,0, , ,H,C,0, , ,H,C,0, , ,H,C,0, , ,H,C,0, , ,H,C,0, , ,H,C,0, , ,H,C,0, , ,H,C,0, , ,H,C,0, , ,H,C,0, , ,H,C,0, , ,H,C,0, , ,H,C,0, , ,H,C,0, , ,H,C,0, , , ,C
USW00094790,43.9887,-76.0262,96.9000,2020-12-19,HPCP,0, , ,H,C,0, , ,H,C,8, , ,H,C,0, , ,H,C,5, , ,H,C,1, , ,H,C,3, , ,H,C,3, , ,H,C,7, , ,H,C,1, , ,H,C,0, , ,H,C,0, , ,H,C,1, , ,H,C,8, , ,H,C,6, , ,H,C,3, , ,H,C,0, , ,H,C,0, , ,H,C,0, , ,H,C,0, , ,H,C,0, , ,H,C,0, , ,H,C,0, , ,H,C,0, , ,H,C,46, , , ,C
USW00094790,43.9887,-76.0262,96.9000,2020-12-20,HPCP,0, , ,H,C,0, , ,H,C,0, , ,H,C,0, , ,H,C,0, , ,H,C,0, , ,H,C,0, , ,H,C,0, , ,H,C,0, , ,H,C,0, , ,H,C,0, , ,H,C,0, , ,H,C,0, , ,H,C,0, , ,H,C,0, , ,H,C,0, , ,H,C,0, , ,H,C,0, , ,H,C,0, , ,H,C,0, , ,H,C,0, , ,H,C,0, , ,H,C,0, , ,H,C,0, , ,H,C,0, , , ,C
USW00094790,43.9887,-76.0262,96.9000,2020-12-21,HPCP,0, , ,H,C,0, , ,H,C,1, , ,H,C,3, , ,H,C,2, , ,H,C,2, , ,H,C,3, , ,H,C,1, , ,H,C,0, , ,H,C,0, , ,H,C,11, , ,H,C,2, , ,H,C,0, , ,H,C,1, , ,H,C,10, , ,H,C,0, , ,H,C,0, , ,H,C,0, , ,H,C,0, , ,H,C,0, , ,H,C,0, , ,H,C,1, , ,H,C,1, , ,H,C,2, , ,H,C,40, , , ,C
USW00094790,43.9887,-76.0262,96.9000,2020-12-22,HPCP,3, , ,H,C,3, , ,H,C,0, , ,H,C,4, , ,H,C,0, , ,H,C,7, , ,H,C,0, , ,H,C,0, , ,H,C,0, , ,H,C,0, , ,H,C,3, , ,H,C,0, , ,H,C,1, , ,H,C,0, , ,H,C,0, , ,H,C,0, , ,H,C,0, , ,H,C,0, , ,H,C,0, , ,H,C,0, , ,H,C,0, , ,H,C,0, , ,H,C,0, , ,H,C,2, , ,H,C,23, , , ,C
USW00094790,43.9887,-76.0262,96.9000,2020-12-23,HPCP,2, , ,H,C,0, , ,H,C,4, , ,H,C,0, , ,H,C,0, , ,H,C,3, , ,H,C,1, , ,H,C,0, , ,H,C,3, , ,H,C,0, , ,H,C,0, , ,H,C,3, , ,H,C,0, , ,H,C,0, , ,H,C,2, , ,H,C,2, , ,H,C,1, , ,H,C,2, , ,H,C,1, , ,H,C,0, , ,H,C,0, , ,H,C,0, , ,H,C,1, , ,H,C,0, , ,H,C,25, , , ,C
USW00094790,43.9887,-76.0262,96.9000,2020-12-24,HPCP,0, , ,H,C,0, , ,H,C,0, , ,H,C,0, , ,H,C,0, , ,H,C,0, , ,H,C,0, , ,H,C,0, , ,H,C,1, , ,H,C,0, , ,H,C,-9999, , ,H, ,0, , ,H,C,1, , ,H,C,3, , ,H,C,3, , ,H,C,2, , ,H,C,3, , ,H,C,15, , ,H,C,16, , ,H,C,17, , ,H,C,10, , ,H,C,4, , ,H,C,3, , ,H,C,37, , ,H,C,115, ,P, ,C
USW00094790,43.9887,-76.0262,96.9000,2020-12-25,HPCP,14, , ,H,C,3, , ,H,C,3, , ,H,C,11, , ,H,C,19, , ,H,C,3, , ,H,C,6, , ,H,C,0, , ,H,C,0, , ,H,C,1, , ,H,C,1, , ,H,C,3, , ,H,C,1, , ,H,C,1, , ,H,C,0, , ,H,C,0, , ,H,C,0, , ,H,C,0, , ,H,C,1, , ,H,C,4, , ,H,C,2, , ,H,C,0, , ,H,C,0, , ,H,C,0, , ,H,C,73, , , ,C
USW00094790,43.9887,-76.0262,96.9000,2020-12-26,HPCP,0, , ,H,C,0, , ,H,C,0, , ,H,C,0, , ,H,C,0, , ,H,C,1, , ,H,C,2, , ,H,C,8, , ,H,C,1, , ,H,C,0, , ,H,C,0, , ,H,C,1, , ,H,C,3, , ,H,C,0, , ,H,C,0, , ,H,C,0, , ,H,C,0, , ,H,C,1, , ,H,C,0, , ,H,C,0, , ,H,C,0, , ,H,C,0, , ,H,C,0, , ,H,C,0, , ,H,C,17, , , ,C
USW00094790,43.9887,-76.0262,96.9000,2020-12-27,HPCP,0, , ,H,C,0, , ,H,C,0, , ,H,C,0, , ,H,C,0, , ,H,C,0, , ,H,C,1, , ,H,C,0, , ,H,C,0, , ,H,C,0, , ,H,C,0, , ,H,C,0, , ,H,C,0, , ,H,C,0, , ,H,C,0, , ,H,C,0, , ,H,C,0, , ,H,C,0, , ,H,C,1, , ,H,C,0, , ,H,C,0, , ,H,C,0, , ,H,C,0, , ,H,C,0, , ,H,C,2, , , ,C
USW00094790,43.9887,-76.0262,96.9000,2020-12-28,HPCP,0, , ,H,C,0, , ,H,C,0, , ,H,C,0, , ,H,C,0, , ,H,C,0, , ,H,C,0, , ,H,C,1, , ,H,C,2, , ,H,C,1, , ,H,C,1, , ,H,C,0, , ,H,C,3, , ,H,C,0, , ,H,C,0, , ,H,C,0, , ,H,C,0, , ,H,C,0, , ,H,C,0, , ,H,C,0, , ,H,C,0, , ,H,C,0, , ,H,C,0, , ,H,C,0, , ,H,C,8, , , ,C
USW00094790,43.9887,-76.0262,96.9000,2020-12-29,HPCP,0, , ,H,C,0, , ,H,C,0, , ,H,C,0, , ,H,C,0, , ,H,C,0, , ,H,C,0, , ,H,C,0, , ,H,C,0, , ,H,C,0, , ,H,C,0, , ,H,C,0, , ,H,C,0, , ,H,C,0, , ,H,C,0, , ,H,C,0, , ,H,C,0, , ,H,C,0, , ,H,C,0, , ,H,C,0, , ,H,C,1, , ,H,C,0, , ,H,C,0, , ,H,C,0, , ,H,C,1, , , ,C
USW00094790,43.9887,-76.0262,96.9000,2020-12-30,HPCP,0, , ,H,C,0, , ,H,C,0, , ,H,C,0, , ,H,C,1, , ,H,C,0, , ,H,C,0, , ,H,C,0, , ,H,C,0, , ,H,C,0, , ,H,C,0, , ,H,C,0, , ,H,C,0, , ,H,C,0, , ,H,C,0, , ,H,C,0, , ,H,C,2, , ,H,C,1, , ,H,C,0, , ,H,C,2, , ,H,C,3, , ,H,C,1, , ,H,C,2, , ,H,C,3, , ,H,C,15, , , ,C
USW00094790,43.9887,-76.0262,96.9000,2020-12-31,HPCP,3, , ,H,C,3, , ,H,C,0, , ,H,C,0, , ,H,C,0, , ,H,C,0, , ,H,C,0, , ,H,C,0, , ,H,C,0, , ,H,C,0, , ,H,C,0, , ,H,C,0, , ,H,C,0, , ,H,C,0, , ,H,C,0, , ,H,C,0, , ,H,C,0, , ,H,C,0, , ,H,C,0, , ,H,C,0, , ,H,C,0, , ,H,C,0, , ,H,C,0, , ,H,C,0, , ,H,C,6, , , ,C
USW00094790,43.9887,-76.0262,96.9000,2021-01-01,HPCP,0, , ,H,C,0, , ,H,C,1, , ,H,C,0, , ,H,C,0, , ,H,C,0, , ,H,C,0, , ,H,C,0, , ,H,C,0, , ,H,C,0, , ,H,C,0, , ,H,C,0, , ,H,C,0, , ,H,C,0, , ,H,C,0, , ,H,C,0, , ,H,C,0, , ,H,C,0, , ,H,C,0, , ,H,C,2, , ,H,C,4, , ,H,C,5, , ,H,C,5, , ,H,C,3, , ,H,C,20, , , ,C
USW00094790,43.9887,-76.0262,96.9000,2021-01-02,HPCP,0, , ,H,C,3, , ,H,C,4, , ,H,C,11, , ,H,C,4, , ,H,C,4, , ,H,C,5, , ,H,C,3, , ,H,C,0, , ,H,C,0, , ,H,C,0, , ,H,C,0, , ,H,C,0, , ,H,C,0, , ,H,C,0, , ,H,C,0, , ,H,C,0, , ,H,C,0, , ,H,C,0, , ,H,C,0, , ,H,C,0, , ,H,C,0, , ,H,C,0, , ,H,C,0, , ,H,C,34, , , ,C
USW00094790,43.9887,-76.0262,96.9000,2021-01-03,HPCP,0, , ,H,C,0, , ,H,C,0, , ,H,C,0, , ,H,C,0, , ,H,C,0, , ,H,C,0, , ,H,C,0, , ,H,C,0, , ,H,C,0, , ,H,C,0, , ,H,C,0, , ,H,C,1, , ,H,C,1, , ,H,C,0, , ,H,C,0, , ,H,C,0, , ,H,C,0, , ,H,C,0, , ,H,C,0, , ,H,C,0, , ,H,C,1, , ,H,C,1, , ,H,C,0, , ,H,C,4, , , ,C
USW00094790,43.9887,-76.0262,96.9000,2021-01-04,HPCP,0, , ,H,C,1, , ,H,C,1, , ,H,C,0, , ,H,C,2, , ,H,C,0, , ,H,C,1, , ,H,C,1, , ,H,C,0, , ,H,C,0, , ,H,C,0, , ,H,C,0, , ,H,C,0, , ,H,C,0, , ,H,C,0, , ,H,C,0, , ,H,C,0, , ,H,C,0, , ,H,C,1, , ,H,C,0, , ,H,C,0, , ,H,C,0, , ,H,C,0, , ,H,C,1, , ,H,C,8, , , ,C
USW00094790,43.9887,-76.0262,96.9000,2021-01-05,HPCP,0, , ,H,C,0, , ,H,C,1, , ,H,C,0, , ,H,C,0, , ,H,C,0, , ,H,C,0, , ,H,C,0, , ,H,C,0, , ,H,C,0, , ,H,C,0, , ,H,C,0, , ,H,C,0, , ,H,C,0, , ,H,C,0, , ,H,C,0, , ,H,C,0, , ,H,C,0, , ,H,C,0, , ,H,C,0, , ,H,C,0, , ,H,C,0, , ,H,C,0, , ,H,C,0, , ,H,C,1, , , ,C
USW00094790,43.9887,-76.0262,96.9000,2021-01-06,HPCP,0, , ,H,C,0, , ,H,C,0, , ,H,C,0, , ,H,C,0, , ,H,C,0, , ,H,C,0, , ,H,C,0, , ,H,C,0, , ,H,C,0, , ,H,C,0, , ,H,C,0, , ,H,C,0, , ,H,C,0, , ,H,C,0, , ,H,C,0, , ,H,C,0, , ,H,C,0, , ,H,C,0, , ,H,C,0, , ,H,C,0, , ,H,C,0, , ,H,C,0, , ,H,C,0, , ,H,C,0, , , ,C
USW00094790,43.9887,-76.0262,96.9000,2021-01-07,HPCP,0, , ,H,C,0, , ,H,C,0, , ,H,C,0, , ,H,C,0, , ,H,C,0, , ,H,C,0, , ,H,C,0, , ,H,C,0, , ,H,C,0, , ,H,C,0, , ,H,C,0, , ,H,C,0, , ,H,C,0, , ,H,C,0, , ,H,C,0, , ,H,C,0, , ,H,C,0, , ,H,C,0, , ,H,C,0, , ,H,C,0, , ,H,C,0, , ,H,C,0, , ,H,C,0, , ,H,C,0, , , ,C
USW00094790,43.9887,-76.0262,96.9000,2021-01-08,HPCP,0, , ,H,C,0, , ,H,C,0, , ,H,C,0, , ,H,C,0, , ,H,C,0, , ,H,C,0, , ,H,C,0, , ,H,C,0, , ,H,C,0, , ,H,C,0, , ,H,C,0, , ,H,C,0, , ,H,C,0, , ,H,C,0, , ,H,C,0, , ,H,C,0, , ,H,C,0, , ,H,C,0, , ,H,C,0, , ,H,C,0, , ,H,C,0, , ,H,C,0, , ,H,C,0, , ,H,C,0, , , ,C
USW00094790,43.9887,-76.0262,96.9000,2021-01-09,HPCP,0, , ,H,C,0, , ,H,C,0, , ,H,C,0, , ,H,C,0, , ,H,C,0, , ,H,C,0, , ,H,C,0, , ,H,C,0, , ,H,C,0, , ,H,C,0, , ,H,C,0, , ,H,C,0, , ,H,C,0, , ,H,C,0, , ,H,C,0, , ,H,C,0, , ,H,C,0, , ,H,C,0, , ,H,C,0, , ,H,C,0, , ,H,C,0, , ,H,C,0, , ,H,C,0, , ,H,C,0, , , ,C
USW00094790,43.9887,-76.0262,96.9000,2021-01-10,HPCP,0, , ,H,C,0, , ,H,C,0, , ,H,C,0, , ,H,C,0, , ,H,C,0, , ,H,C,0, , ,H,C,0, , ,H,C,0, , ,H,C,0, , ,H,C,0, , ,H,C,0, , ,H,C,0, , ,H,C,0, , ,H,C,0, , ,H,C,0, , ,H,C,0, , ,H,C,0, , ,H,C,0, , ,H,C,0, , ,H,C,0, , ,H,C,0, , ,H,C,0, , ,H,C,0, , ,H,C,0, , , ,C
USW00094790,43.9887,-76.0262,96.9000,2021-01-11,HPCP,0, , ,H,C,0, , ,H,C,0, , ,H,C,0, , ,H,C,0, , ,H,C,0, , ,H,C,0, , ,H,C,0, , ,H,C,0, , ,H,C,0, , ,H,C,0, , ,H,C,0, , ,H,C,0, , ,H,C,1, , ,H,C,0, , ,H,C,0, , ,H,C,0, , ,H,C,1, , ,H,C,0, , ,H,C,0, , ,H,C,0, , ,H,C,0, , ,H,C,0, , ,H,C,0, , ,H,C,2, , , ,C
USW00094790,43.9887,-76.0262,96.9000,2021-01-12,HPCP,0, , ,H,C,0, , ,H,C,1, , ,H,C,0, , ,H,C,0, , ,H,C,0, , ,H,C,0, , ,H,C,0, , ,H,C,0, , ,H,C,0, , ,H,C,0, , ,H,C,0, , ,H,C,0, , ,H,C,0, , ,H,C,0, , ,H,C,0, , ,H,C,0, , ,H,C,1, , ,H,C,0, , ,H,C,4, , ,H,C,6, , ,H,C,1, , ,H,C,0, , ,H,C,0, , ,H,C,13, , , ,C
USW00094790,43.9887,-76.0262,96.9000,2021-01-13,HPCP,0, , ,H,C,0, , ,H,C,1, , ,H,C,0, , ,H,C,1, , ,H,C,0, , ,H,C,0, , ,H,C,0, , ,H,C,0, , ,H,C,0, , ,H,C,0, , ,H,C,0, , ,H,C,0, , ,H,C,0, , ,H,C,0, , ,H,C,0, , ,H,C,0, , ,H,C,0, , ,H,C,0, , ,H,C,0, , ,H,C,0, , ,H,C,0, , ,H,C,0, , ,H,C,0, , ,H,C,2, , , ,C
USW00094790,43.9887,-76.0262,96.9000,2021-01-14,HPCP,0, , ,H,C,0, , ,H,C,0, , ,H,C,0, , ,H,C,0, , ,H,C,0, , ,H,C,0, , ,H,C,0, , ,H,C,0, , ,H,C,0, , ,H,C,0, , ,H,C,0, , ,H,C,0, , ,H,C,0, , ,H,C,0, , ,H,C,0, , ,H,C,0, , ,H,C,0, , ,H,C,0, , ,H,C,0, , ,H,C,0, , ,H,C,0, , ,H,C,0, , ,H,C,0, , ,H,C,0, , , ,C
USW00094790,43.9887,-76.0262,96.9000,2021-01-15,HPCP,0, , ,H,C,0, , ,H,C,0, , ,H,C,0, , ,H,C,0, , ,H,C,0, , ,H,C,0, , ,H,C,0, , ,H,C,0, , ,H,C,0, , ,H,C,0, , ,H,C,0, , ,H,C,0, , ,H,C,0, , ,H,C,0, , ,H,C,0, , ,H,C,0, , ,H,C,0, , ,H,C,0, , ,H,C,0, , ,H,C,0, , ,H,C,1, , ,H,C,0, , ,H,C,2, , ,H,C,3, , , ,C
USW00094790,43.9887,-76.0262,96.9000,2021-01-16,HPCP,0, , ,H,C,1, , ,H,C,3, , ,H,C,1, , ,H,C,0, , ,H,C,0, , ,H,C,2, , ,H,C,3, , ,H,C,5, , ,H,C,2, , ,H,C,1, , ,H,C,0, , ,H,C,0, , ,H,C,0, , ,H,C,0, , ,H,C,0, , ,H,C,2, , ,H,C,1, , ,H,C,6, , ,H,C,3, , ,H,C,1, , ,H,C,1, , ,H,C,0, , ,H,C,0, , ,H,C,32, , , ,C
USW00094790,43.9887,-76.0262,96.9000,2021-01-17,HPCP,0, , ,H,C,2, , ,H,C,0, , ,H,C,0, , ,H,C,1, , ,H,C,1, , ,H,C,0, , ,H,C,0, , ,H,C,0, , ,H,C,0, , ,H,C,0, , ,H,C,0, , ,H,C,0, , ,H,C,0, , ,H,C,0, , ,H,C,0, , ,H,C,0, , ,H,C,0, , ,H,C,0, , ,H,C,0, , ,H,C,0, , ,H,C,0, , ,H,C,0, , ,H,C,0, , ,H,C,4, , , ,C
USW00094790,43.9887,-76.0262,96.9000,2021-01-18,HPCP,0, , ,H,C,0, , ,H,C,0, , ,H,C,0, , ,H,C,1, , ,H,C,0, , ,H,C,1, , ,H,C,1, , ,H,C,1, , ,H,C,1, , ,H,C,0, , ,H,C,0, , ,H,C,0, , ,H,C,0, , ,H,C,0, , ,H,C,0, , ,H,C,0, , ,H,C,0, , ,H,C,0, , ,H,C,0, , ,H,C,0, , ,H,C,0, , ,H,C,1, , ,H,C,0, , ,H,C,6, , , ,C
USW00094790,43.9887,-76.0262,96.9000,2021-01-19,HPCP,0, , ,H,C,0, , ,H,C,0, , ,H,C,0, , ,H,C,0, , ,H,C,0, , ,H,C,0, , ,H,C,0, , ,H,C,0, , ,H,C,1, , ,H,C,8, , ,H,C,1, , ,H,C,0, , ,H,C,0, , ,H,C,1, , ,H,C,0, , ,H,C,2, , ,H,C,0, , ,H,C,0, , ,H,C,0, , ,H,C,0, , ,H,C,0, , ,H,C,0, , ,H,C,0, , ,H,C,13, , , ,C
USW00094790,43.9887,-76.0262,96.9000,2021-01-20,HPCP,0, , ,H,C,0, , ,H,C,0, , ,H,C,0, , ,H,C,0, , ,H,C,0, , ,H,C,0, , ,H,C,1, , ,H,C,1, , ,H,C,0, , ,H,C,0, , ,H,C,0, , ,H,C,0, , ,H,C,0, , ,H,C,0, , ,H,C,0, , ,H,C,0, , ,H,C,0, , ,H,C,0, , ,H,C,0, , ,H,C,0, , ,H,C,1, , ,H,C,0, , ,H,C,0, , ,H,C,3, , , ,C
USW00094790,43.9887,-76.0262,96.9000,2021-01-21,HPCP,0, , ,H,C,0, , ,H,C,0, , ,H,C,0, , ,H,C,0, , ,H,C,0, , ,H,C,1, , ,H,C,0, , ,H,C,0, , ,H,C,0, , ,H,C,0, , ,H,C,0, , ,H,C,0, , ,H,C,0, , ,H,C,0, , ,H,C,1, , ,H,C,0, , ,H,C,1, , ,H,C,0, , ,H,C,0, , ,H,C,1, , ,H,C,0, , ,H,C,0, , ,H,C,1, , ,H,C,5, , , ,C
USW00094790,43.9887,-76.0262,96.9000,2021-01-22,HPCP,0, , ,H,C,0, , ,H,C,0, , ,H,C,0, , ,H,C,3, , ,H,C,2, , ,H,C,0, , ,H,C,0, , ,H,C,0, , ,H,C,0, , ,H,C,0, , ,H,C,0, , ,H,C,0, , ,H,C,0, , ,H,C,0, , ,H,C,0, , ,H,C,0, , ,H,C,0, , ,H,C,0, , ,H,C,0, , ,H,C,0, , ,H,C,0, , ,H,C,0, , ,H,C,2, , ,H,C,7, , , ,C
USW00094790,43.9887,-76.0262,96.9000,2021-01-23,HPCP,0, , ,H,C,1, , ,H,C,0, , ,H,C,0, , ,H,C,0, , ,H,C,0, , ,H,C,0, , ,H,C,0, , ,H,C,0, , ,H,C,0, , ,H,C,0, , ,H,C,0, , ,H,C,0, , ,H,C,0, , ,H,C,0, , ,H,C,0, , ,H,C,0, , ,H,C,0, , ,H,C,0, , ,H,C,0, , ,H,C,0, , ,H,C,0, , ,H,C,1, , ,H,C,0, , ,H,C,2, , , ,C
USW00094790,43.9887,-76.0262,96.9000,2021-01-24,HPCP,0, , ,H,C,0, , ,H,C,0, , ,H,C,0, , ,H,C,0, , ,H,C,0, , ,H,C,0, , ,H,C,0, , ,H,C,0, , ,H,C,0, , ,H,C,0, , ,H,C,0, , ,H,C,0, , ,H,C,0, , ,H,C,0, , ,H,C,0, , ,H,C,0, , ,H,C,0, , ,H,C,0, , ,H,C,0, , ,H,C,0, , ,H,C,0, , ,H,C,0, , ,H,C,0, , ,H,C,0, , , ,C
USW00094790,43.9887,-76.0262,96.9000,2021-01-25,HPCP,0, , ,H,C,0, , ,H,C,0, , ,H,C,0, , ,H,C,0, , ,H,C,0, , ,H,C,0, , ,H,C,0, , ,H,C,0, , ,H,C,0, , ,H,C,0, , ,H,C,0, , ,H,C,0, , ,H,C,0, , ,H,C,0, , ,H,C,0, , ,H,C,0, , ,H,C,0, , ,H,C,0, , ,H,C,0, , ,H,C,0, , ,H,C,0, , ,H,C,0, , ,H,C,0, , ,H,C,0, , , ,C
USW00094790,43.9887,-76.0262,96.9000,2021-01-26,HPCP,0, , ,H,C,1, , ,H,C,0, , ,H,C,0, , ,H,C,0, , ,H,C,0, , ,H,C,0, , ,H,C,0, , ,H,C,0, , ,H,C,0, , ,H,C,0, , ,H,C,0, , ,H,C,0, , ,H,C,2, , ,H,C,12, , ,H,C,1, , ,H,C,0, , ,H,C,1, , ,H,C,0, , ,H,C,1, , ,H,C,2, , ,H,C,2, , ,H,C,1, , ,H,C,1, , ,H,C,24, , , ,C
USW00094790,43.9887,-76.0262,96.9000,2021-01-27,HPCP,1, , ,H,C,2, , ,H,C,1, , ,H,C,0, , ,H,C,0, , ,H,C,1, , ,H,C,0, , ,H,C,0, , ,H,C,0, , ,H,C,0, , ,H,C,0, , ,H,C,0, , ,H,C,0, , ,H,C,0, , ,H,C,0, , ,H,C,0, , ,H,C,0, , ,H,C,0, , ,H,C,0, , ,H,C,0, , ,H,C,0, , ,H,C,0, , ,H,C,0, , ,H,C,0, , ,H,C,5, , , ,C
USW00094790,43.9887,-76.0262,96.9000,2021-01-28,HPCP,0, , ,H,C,1, , ,H,C,0, , ,H,C,0, , ,H,C,0, , ,H,C,0, , ,H,C,0, , ,H,C,0, , ,H,C,0, , ,H,C,0, , ,H,C,0, , ,H,C,0, , ,H,C,0, , ,H,C,0, , ,H,C,0, , ,H,C,0, , ,H,C,0, , ,H,C,0, , ,H,C,0, , ,H,C,0, , ,H,C,0, , ,H,C,0, , ,H,C,0, , ,H,C,0, , ,H,C,1, , , ,C
USW00094790,43.9887,-76.0262,96.9000,2021-01-29,HPCP,0, , ,H,C,0, , ,H,C,0, , ,H,C,0, , ,H,C,0, , ,H,C,0, , ,H,C,0, , ,H,C,0, , ,H,C,0, , ,H,C,0, , ,H,C,0, , ,H,C,0, , ,H,C,0, , ,H,C,0, , ,H,C,0, , ,H,C,0, , ,H,C,0, , ,H,C,0, , ,H,C,0, , ,H,C,0, , ,H,C,0, , ,H,C,0, , ,H,C,0, , ,H,C,0, , ,H,C,0, , , ,C
USW00094790,43.9887,-76.0262,96.9000,2021-01-30,HPCP,0, , ,H,C,0, , ,H,C,0, , ,H,C,0, , ,H,C,0, , ,H,C,0, , ,H,C,0, , ,H,C,0, , ,H,C,0, , ,H,C,0, , ,H,C,0, , ,H,C,0, , ,H,C,0, , ,H,C,0, , ,H,C,0, , ,H,C,0, , ,H,C,0, , ,H,C,0, , ,H,C,0, , ,H,C,0, , ,H,C,0, , ,H,C,0, , ,H,C,0, , ,H,C,0, , ,H,C,0, , , ,C
USW00094790,43.9887,-76.0262,96.9000,2021-01-31,HPCP,0, , ,H,C,0, , ,H,C,0, , ,H,C,0, , ,H,C,0, , ,H,C,0, , ,H,C,0, , ,H,C,0, , ,H,C,0, , ,H,C,0, , ,H,C,0, , ,H,C,0, , ,H,C,0, , ,H,C,0, , ,H,C,0, , ,H,C,0, , ,H,C,0, , ,H,C,0, , ,H,C,0, , ,H,C,0, , ,H,C,0, , ,H,C,0, , ,H,C,0, , ,H,C,0, , ,H,C,0, , , ,C
USW00094790,43.9887,-76.0262,96.9000,2021-02-01,HPCP,0, , ,H,C,0, , ,H,C,0, , ,H,C,0, , ,H,C,0, , ,H,C,0, , ,H,C,0, , ,H,C,0, , ,H,C,0, , ,H,C,0, , ,H,C,0, , ,H,C,0, , ,H,C,0, , ,H,C,-9999, , ,H,C,-9999, , ,H, ,-9999, , ,H, ,-9999, , ,H, ,-9999, , ,H, ,-9999, , ,H, ,-9999, , ,H, ,-9999, , ,H, ,-9999, , ,H, ,-9999, , ,H, ,-9999, , ,H, ,0, ,P, ,C
